-- phpMyAdmin SQL Dump
-- version 4.9.2
-- https://www.phpmyadmin.net/
--
-- Host: 127.0.0.1:3306
-- Generation Time: Oct 06, 2020 at 05:04 PM
-- Server version: 10.4.10-MariaDB
-- PHP Version: 7.0.33

SET SQL_MODE = "NO_AUTO_VALUE_ON_ZERO";
SET AUTOCOMMIT = 0;
START TRANSACTION;
SET time_zone = "+00:00";


/*!40101 SET @OLD_CHARACTER_SET_CLIENT=@@CHARACTER_SET_CLIENT */;
/*!40101 SET @OLD_CHARACTER_SET_RESULTS=@@CHARACTER_SET_RESULTS */;
/*!40101 SET @OLD_COLLATION_CONNECTION=@@COLLATION_CONNECTION */;
/*!40101 SET NAMES utf8mb4 */;

--
-- Database: `sabicapital`
--

-- --------------------------------------------------------

--
-- Table structure for table `mlm_charges`
--

DROP TABLE IF EXISTS `mlm_charges`;
CREATE TABLE IF NOT EXISTS `mlm_charges` (
  `id` int(11) NOT NULL AUTO_INCREMENT,
  `name` varchar(100) NOT NULL,
  `type` int(11) NOT NULL DEFAULT 0,
  `amount` decimal(20,2) NOT NULL,
  `vat` int(3) NOT NULL,
  PRIMARY KEY (`id`)
) ENGINE=MyISAM AUTO_INCREMENT=16 DEFAULT CHARSET=latin1;

--
-- Dumping data for table `mlm_charges`
--

INSERT INTO `mlm_charges` (`id`, `name`, `type`, `amount`, `vat`) VALUES
(1, 'sponsor', 1, '700.00', 0),
(2, 'placement', 1, '150.00', 0),
(3, 'sponsor', 2, '700.00', 0),
(4, 'placement', 2, '150.00', 0),
(5, 'admin_sponsor_bonus', 1, '500.00', 0),
(6, 'admin_sponsor_bonus', 2, '1000.00', 0),
(7, 'center_leader_sponsor_bonus', 2, '500.00', 0),
(8, 'admin_center_leader_sponsor_bonus', 2, '500.00', 0),
(9, 'merchant_registration_sponsor_bonus', 2, '3000.00', 0),
(10, 'merchant_placement_bonus', 2, '300.00', 0),
(11, 'car_award', 2, '200.00', 5),
(12, 'center_leader_placement_bonus', 2, '100.00', 0),
(13, 'trade / service delivery income', 2, '0.00', 0),
(14, 'vtu trade income', 2, '0.00', 0),
(15, 'sgps_income', 2, '0.00', 0);

-- --------------------------------------------------------

--
-- Table structure for table `mlm_db`
--

DROP TABLE IF EXISTS `mlm_db`;
CREATE TABLE IF NOT EXISTS `mlm_db` (
  `id` int(11) NOT NULL AUTO_INCREMENT,
  `user_id` int(11) NOT NULL,
  `package` int(50) NOT NULL,
  `sponsor` int(11) DEFAULT NULL,
  `under` int(11) DEFAULT NULL,
  `stage` int(11) NOT NULL,
  `positioning` varchar(50) DEFAULT NULL,
  `date_created` varchar(50) NOT NULL,
  `time_created` varchar(50) NOT NULL,
  `reference` text DEFAULT NULL,
  `last_subscription_date` varchar(50) NOT NULL,
  PRIMARY KEY (`id`)
) ENGINE=MyISAM AUTO_INCREMENT=8 DEFAULT CHARSET=latin1;

--
-- Dumping data for table `mlm_db`
--

INSERT INTO `mlm_db` (`id`, `user_id`, `package`, `sponsor`, `under`, `stage`, `positioning`, `date_created`, `time_created`, `reference`, `last_subscription_date`) VALUES
(1, 10, 1, NULL, NULL, 0, NULL, '29 Jul 2019', '06:50:14am', 'a24d83ca5f51', ''),
(2, 12, 1, 1, 1, 1, 'left', '21 Jul 2020', '08:06:26pm', NULL, ''),
(3, 13, 1, 1, 1, 1, 'right', '22 Jul 2020', '06:26:40am', NULL, ''),
(4, 14, 1, 1, 2, 2, 'left', '22 Jul 2020', '06:27:49am', NULL, ''),
(5, 15, 1, 1, 2, 2, 'right', '22 Jul 2020', '06:28:40am', NULL, ''),
(6, 17, 1, 2, 4, 3, 'left', '22 Jul 2020', '07:32:50am', NULL, ''),
(7, 18, 1, 1, 3, 2, 'left', '22 Jul 2020', '07:35:42am', NULL, '');

-- --------------------------------------------------------

--
-- Table structure for table `mlm_earnings`
--

DROP TABLE IF EXISTS `mlm_earnings`;
CREATE TABLE IF NOT EXISTS `mlm_earnings` (
  `id` int(11) NOT NULL AUTO_INCREMENT,
  `user_id` int(11) NOT NULL,
  `mlm_db_id` int(11) NOT NULL,
  `charge_type` int(11) NOT NULL,
  `amount` decimal(20,2) NOT NULL,
  `vat` decimal(20,0) NOT NULL,
  `date` varchar(50) NOT NULL,
  `time` varchar(50) NOT NULL,
  PRIMARY KEY (`id`)
) ENGINE=MyISAM AUTO_INCREMENT=109 DEFAULT CHARSET=latin1;

--
-- Dumping data for table `mlm_earnings`
--

INSERT INTO `mlm_earnings` (`id`, `user_id`, `mlm_db_id`, `charge_type`, `amount`, `vat`, `date`, `time`) VALUES
(1, 10, 1, 2, '150.00', '0', '21 Jul 2020', '08:06:26pm'),
(2, 10, 1, 2, '150.00', '0', '21 Jul 2020', '08:06:26pm'),
(3, 10, 1, 2, '150.00', '0', '21 Jul 2020', '08:06:26pm'),
(4, 10, 1, 2, '150.00', '0', '21 Jul 2020', '08:06:26pm'),
(5, 10, 1, 2, '150.00', '0', '21 Jul 2020', '08:06:26pm'),
(6, 10, 1, 2, '150.00', '0', '21 Jul 2020', '08:06:26pm'),
(7, 10, 1, 2, '150.00', '0', '21 Jul 2020', '08:06:26pm'),
(8, 10, 1, 2, '150.00', '0', '21 Jul 2020', '08:06:26pm'),
(9, 10, 1, 2, '150.00', '0', '21 Jul 2020', '08:06:26pm'),
(10, 10, 1, 2, '150.00', '0', '21 Jul 2020', '08:06:26pm'),
(11, 10, 1, 2, '150.00', '0', '21 Jul 2020', '08:06:26pm'),
(12, 10, 1, 2, '150.00', '0', '21 Jul 2020', '08:06:26pm'),
(13, 10, 1, 2, '150.00', '0', '21 Jul 2020', '08:06:26pm'),
(14, 10, 1, 2, '150.00', '0', '21 Jul 2020', '08:06:26pm'),
(15, 10, 1, 2, '150.00', '0', '21 Jul 2020', '08:06:26pm'),
(16, 10, 1, 2, '150.00', '0', '21 Jul 2020', '08:06:26pm'),
(17, 10, 1, 1, '700.00', '0', '21 Jul 2020', '08:06:26pm'),
(18, 10, 1, 5, '500.00', '0', '21 Jul 2020', '08:06:26pm'),
(19, 10, 1, 2, '150.00', '0', '22 Jul 2020', '06:26:40am'),
(20, 10, 1, 2, '150.00', '0', '22 Jul 2020', '06:26:40am'),
(21, 10, 1, 2, '150.00', '0', '22 Jul 2020', '06:26:40am'),
(22, 10, 1, 2, '150.00', '0', '22 Jul 2020', '06:26:40am'),
(23, 10, 1, 2, '150.00', '0', '22 Jul 2020', '06:26:40am'),
(24, 10, 1, 2, '150.00', '0', '22 Jul 2020', '06:26:40am'),
(25, 10, 1, 2, '150.00', '0', '22 Jul 2020', '06:26:40am'),
(26, 10, 1, 2, '150.00', '0', '22 Jul 2020', '06:26:40am'),
(27, 10, 1, 2, '150.00', '0', '22 Jul 2020', '06:26:40am'),
(28, 10, 1, 2, '150.00', '0', '22 Jul 2020', '06:26:40am'),
(29, 10, 1, 2, '150.00', '0', '22 Jul 2020', '06:26:40am'),
(30, 10, 1, 2, '150.00', '0', '22 Jul 2020', '06:26:40am'),
(31, 10, 1, 2, '150.00', '0', '22 Jul 2020', '06:26:40am'),
(32, 10, 1, 2, '150.00', '0', '22 Jul 2020', '06:26:40am'),
(33, 10, 1, 2, '150.00', '0', '22 Jul 2020', '06:26:40am'),
(34, 10, 1, 2, '150.00', '0', '22 Jul 2020', '06:26:40am'),
(35, 10, 1, 1, '700.00', '0', '22 Jul 2020', '06:26:40am'),
(36, 10, 1, 5, '500.00', '0', '22 Jul 2020', '06:26:40am'),
(37, 12, 2, 2, '150.00', '0', '22 Jul 2020', '06:27:49am'),
(38, 10, 1, 2, '150.00', '0', '22 Jul 2020', '06:27:49am'),
(39, 10, 1, 2, '150.00', '0', '22 Jul 2020', '06:27:49am'),
(40, 10, 1, 2, '150.00', '0', '22 Jul 2020', '06:27:49am'),
(41, 10, 1, 2, '150.00', '0', '22 Jul 2020', '06:27:49am'),
(42, 10, 1, 2, '150.00', '0', '22 Jul 2020', '06:27:49am'),
(43, 10, 1, 2, '150.00', '0', '22 Jul 2020', '06:27:49am'),
(44, 10, 1, 2, '150.00', '0', '22 Jul 2020', '06:27:49am'),
(45, 10, 1, 2, '150.00', '0', '22 Jul 2020', '06:27:49am'),
(46, 10, 1, 2, '150.00', '0', '22 Jul 2020', '06:27:49am'),
(47, 10, 1, 2, '150.00', '0', '22 Jul 2020', '06:27:49am'),
(48, 10, 1, 2, '150.00', '0', '22 Jul 2020', '06:27:49am'),
(49, 10, 1, 2, '150.00', '0', '22 Jul 2020', '06:27:49am'),
(50, 10, 1, 2, '150.00', '0', '22 Jul 2020', '06:27:49am'),
(51, 10, 1, 2, '150.00', '0', '22 Jul 2020', '06:27:49am'),
(52, 10, 1, 2, '150.00', '0', '22 Jul 2020', '06:27:49am'),
(53, 10, 1, 1, '700.00', '0', '22 Jul 2020', '06:27:49am'),
(54, 10, 1, 5, '500.00', '0', '22 Jul 2020', '06:27:49am'),
(55, 12, 2, 2, '150.00', '0', '22 Jul 2020', '06:28:40am'),
(56, 10, 1, 2, '150.00', '0', '22 Jul 2020', '06:28:40am'),
(57, 10, 1, 2, '150.00', '0', '22 Jul 2020', '06:28:40am'),
(58, 10, 1, 2, '150.00', '0', '22 Jul 2020', '06:28:40am'),
(59, 10, 1, 2, '150.00', '0', '22 Jul 2020', '06:28:40am'),
(60, 10, 1, 2, '150.00', '0', '22 Jul 2020', '06:28:40am'),
(61, 10, 1, 2, '150.00', '0', '22 Jul 2020', '06:28:40am'),
(62, 10, 1, 2, '150.00', '0', '22 Jul 2020', '06:28:40am'),
(63, 10, 1, 2, '150.00', '0', '22 Jul 2020', '06:28:40am'),
(64, 10, 1, 2, '150.00', '0', '22 Jul 2020', '06:28:40am'),
(65, 10, 1, 2, '150.00', '0', '22 Jul 2020', '06:28:40am'),
(66, 10, 1, 2, '150.00', '0', '22 Jul 2020', '06:28:40am'),
(67, 10, 1, 2, '150.00', '0', '22 Jul 2020', '06:28:40am'),
(68, 10, 1, 2, '150.00', '0', '22 Jul 2020', '06:28:40am'),
(69, 10, 1, 2, '150.00', '0', '22 Jul 2020', '06:28:40am'),
(70, 10, 1, 2, '150.00', '0', '22 Jul 2020', '06:28:40am'),
(71, 10, 1, 1, '700.00', '0', '22 Jul 2020', '06:28:40am'),
(72, 10, 1, 5, '500.00', '0', '22 Jul 2020', '06:28:40am'),
(73, 14, 4, 2, '150.00', '0', '22 Jul 2020', '07:32:50am'),
(74, 12, 2, 2, '150.00', '0', '22 Jul 2020', '07:32:50am'),
(75, 10, 1, 2, '150.00', '0', '22 Jul 2020', '07:32:50am'),
(76, 10, 1, 2, '150.00', '0', '22 Jul 2020', '07:32:50am'),
(77, 10, 1, 2, '150.00', '0', '22 Jul 2020', '07:32:50am'),
(78, 10, 1, 2, '150.00', '0', '22 Jul 2020', '07:32:50am'),
(79, 10, 1, 2, '150.00', '0', '22 Jul 2020', '07:32:50am'),
(80, 10, 1, 2, '150.00', '0', '22 Jul 2020', '07:32:50am'),
(81, 10, 1, 2, '150.00', '0', '22 Jul 2020', '07:32:50am'),
(82, 10, 1, 2, '150.00', '0', '22 Jul 2020', '07:32:50am'),
(83, 10, 1, 2, '150.00', '0', '22 Jul 2020', '07:32:50am'),
(84, 10, 1, 2, '150.00', '0', '22 Jul 2020', '07:32:50am'),
(85, 10, 1, 2, '150.00', '0', '22 Jul 2020', '07:32:50am'),
(86, 10, 1, 2, '150.00', '0', '22 Jul 2020', '07:32:50am'),
(87, 10, 1, 2, '150.00', '0', '22 Jul 2020', '07:32:50am'),
(88, 10, 1, 2, '150.00', '0', '22 Jul 2020', '07:32:50am'),
(89, 12, 2, 1, '700.00', '0', '22 Jul 2020', '07:32:50am'),
(90, 10, 1, 5, '500.00', '0', '22 Jul 2020', '07:32:50am'),
(91, 13, 3, 2, '150.00', '0', '22 Jul 2020', '07:35:42am'),
(92, 10, 1, 2, '150.00', '0', '22 Jul 2020', '07:35:42am'),
(93, 10, 1, 2, '150.00', '0', '22 Jul 2020', '07:35:42am'),
(94, 10, 1, 2, '150.00', '0', '22 Jul 2020', '07:35:42am'),
(95, 10, 1, 2, '150.00', '0', '22 Jul 2020', '07:35:42am'),
(96, 10, 1, 2, '150.00', '0', '22 Jul 2020', '07:35:42am'),
(97, 10, 1, 2, '150.00', '0', '22 Jul 2020', '07:35:42am'),
(98, 10, 1, 2, '150.00', '0', '22 Jul 2020', '07:35:42am'),
(99, 10, 1, 2, '150.00', '0', '22 Jul 2020', '07:35:42am'),
(100, 10, 1, 2, '150.00', '0', '22 Jul 2020', '07:35:42am'),
(101, 10, 1, 2, '150.00', '0', '22 Jul 2020', '07:35:42am'),
(102, 10, 1, 2, '150.00', '0', '22 Jul 2020', '07:35:42am'),
(103, 10, 1, 2, '150.00', '0', '22 Jul 2020', '07:35:42am'),
(104, 10, 1, 2, '150.00', '0', '22 Jul 2020', '07:35:42am'),
(105, 10, 1, 2, '150.00', '0', '22 Jul 2020', '07:35:42am'),
(106, 10, 1, 2, '150.00', '0', '22 Jul 2020', '07:35:42am'),
(107, 10, 1, 1, '700.00', '0', '22 Jul 2020', '07:35:42am'),
(108, 10, 1, 5, '500.00', '0', '22 Jul 2020', '07:35:42am');
COMMIT;

/*!40101 SET CHARACTER_SET_CLIENT=@OLD_CHARACTER_SET_CLIENT */;
/*!40101 SET CHARACTER_SET_RESULTS=@OLD_CHARACTER_SET_RESULTS */;
/*!40101 SET COLLATION_CONNECTION=@OLD_COLLATION_CONNECTION */;
